 ,Area,Mean,Min,Max,Circ.,AR,Round,Solidity
1,334,255,255,255,0.808,1.174,0.852,0.919
2,191,255,255,255,0.684,1.389,0.720,0.843
3,476,255,255,255,0.863,1.082,0.924,0.942
4,255,255,255,255,0.910,1.107,0.903,0.929
5,500,255,255,255,0.889,1.113,0.898,0.937
6,177,255,255,255,0.791,1.455,0.687,0.885
7,172,255,255,255,0.746,1.153,0.867,0.873
8,170,255,255,255,0.683,1.295,0.772,0.863
9,163,255,255,255,0.512,1.214,0.824,0.776
10,383,255,255,255,0.549,1.553,0.644,0.809
11,232,255,255,255,0.894,1.251,0.799,0.930
12,143,255,255,255,0.645,1.217,0.821,0.812
13,256,255,255,255,0.798,1.114,0.897,0.889
14,143,255,255,255,0.660,1.164,0.859,0.859
15,175,255,255,255,0.575,1.191,0.840,0.824
16,456,255,255,255,0.537,1.574,0.635,0.784
17,464,255,255,255,0.572,1.265,0.791,0.844
18,255,255,255,255,0.892,1.332,0.751,0.929
19,377,255,255,255,0.909,1.202,0.832,0.944
20,41,255,255,255,0.629,1.313,0.761,0.781
21,242,255,255,255,0.906,1.193,0.838,0.933
22,305,255,255,255,0.830,1.163,0.860,0.926
23,178,255,255,255,0.618,1.343,0.745,0.826
24,190,255,255,255,0.551,1.116,0.896,0.839
25,227,255,255,255,0.648,1.144,0.874,0.894
26,473,255,255,255,0.895,1.087,0.920,0.943
27,172,255,255,255,0.621,1.164,0.859,0.843
28,444,255,255,255,0.549,2.244,0.446,0.778
29,222,255,255,255,0.510,1.199,0.834,0.812
30,82,255,255,255,0.514,1.543,0.648,0.710
31,388,255,255,255,0.776,1.158,0.863,0.838
32,227,255,255,255,0.502,1.426,0.701,0.812
33,287,255,255,255,0.610,1.409,0.710,0.868
34,285,255,255,255,0.765,1.122,0.891,0.858
35,330,255,255,255,0.647,1.322,0.757,0.886
36,258,255,255,255,0.878,1.224,0.817,0.930
37,224,255,255,255,0.841,1.242,0.805,0.905
38,166,255,255,255,0.791,1.105,0.905,0.888
39,283,255,255,255,0.910,1.181,0.847,0.934
40,183,255,255,255,0.521,1.090,0.918,0.841
41,256,255,255,255,0.848,1.106,0.904,0.916
42,364,255,255,255,0.683,1.949,0.513,0.885
43,255,255,255,255,0.807,1.564,0.639,0.890
44,376,255,255,255,0.741,1.975,0.506,0.898
45,366,255,255,255,0.719,1.191,0.840,0.886
46,292,255,255,255,0.868,1.068,0.936,0.924
47,196,255,255,255,0.828,1.397,0.716,0.907
48,176,255,255,255,0.701,1.133,0.883,0.856
49,183,255,255,255,0.826,1.410,0.709,0.908
50,245,255,255,255,0.928,1.205,0.830,0.930
51,410,255,255,255,0.554,2.106,0.475,0.822
52,136,255,255,255,0.595,2.077,0.482,0.877
53,270,255,255,255,0.750,1.064,0.940,0.894
54,393,255,255,255,0.570,1.757,0.569,0.813
55,363,255,255,255,0.831,1.255,0.797,0.897
56,471,255,255,255,0.849,1.354,0.738,0.925
57,264,255,255,255,0.836,1.009,0.991,0.917
58,337,255,255,255,0.670,1.560,0.641,0.858
59,263,255,255,255,0.902,1.050,0.953,0.931
60,217,255,255,255,0.588,1.175,0.851,0.801
61,208,255,255,255,0.795,1.470,0.680,0.906
62,396,255,255,255,0.664,1.548,0.646,0.858
63,223,255,255,255,0.606,1.216,0.822,0.821
64,30,255,255,255,0.542,1.339,0.747,0.714
65,460,255,255,255,0.727,1.761,0.568,0.874
66,252,255,255,255,0.906,1.112,0.900,0.926
67,233,255,255,255,0.554,1.875,0.533,0.764
68,189,255,255,255,0.889,1.252,0.799,0.924
69,355,255,255,255,0.831,1.409,0.710,0.916
70,240,255,255,255,0.522,1.511,0.662,0.809
71,280,255,255,255,0.721,1.288,0.776,0.896
72,441,255,255,255,0.775,1.219,0.820,0.923
73,384,255,255,255,0.897,1.140,0.877,0.941
74,294,255,255,255,0.913,1.055,0.948,0.929
75,264,255,255,255,0.836,1.126,0.888,0.910
76,183,255,255,255,0.556,1.124,0.890,0.787
77,164,255,255,255,0.807,1.835,0.545,0.914
78,283,255,255,255,0.886,1.040,0.961,0.923
79,311,255,255,255,0.870,1.346,0.743,0.928
80,234,255,255,255,0.796,1.176,0.850,0.898
81,360,255,255,255,0.837,1.441,0.694,0.930
82,487,255,255,255,0.927,1.100,0.909,0.953
83,247,255,255,255,0.703,1.075,0.930,0.873
84,256,255,255,255,0.635,1.310,0.764,0.858
85,26,255,255,255,0.524,1.443,0.693,0.693
86,417,255,255,255,0.878,1.190,0.840,0.930
87,145,255,255,255,0.731,1.151,0.869,0.853
88,239,255,255,255,0.940,1.111,0.900,0.937
89,120,255,255,255,0.559,2.303,0.434,0.848
90,374,255,255,255,0.911,1.071,0.934,0.939
91,271,255,255,255,0.874,1.261,0.793,0.917
92,229,255,255,255,0.857,1.246,0.803,0.922
93,161,255,255,255,0.525,1.281,0.781,0.813
94,164,255,255,255,0.510,1.309,0.764,0.744
95,173,255,255,255,0.703,1.302,0.768,0.854
96,416,255,255,255,0.909,1.261,0.793,0.942
97,340,255,255,255,0.919,1.264,0.791,0.956
98,253,255,255,255,0.838,1.259,0.794,0.915
99,271,255,255,255,0.806,1.073,0.932,0.914
100,353,255,255,255,0.868,1.144,0.874,0.928
101,273,255,255,255,0.812,1.099,0.910,0.891
102,287,255,255,255,0.908,1.166,0.858,0.929
103,252,255,255,255,0.649,1.122,0.891,0.862
104,206,255,255,255,0.606,1.182,0.846,0.846
105,206,255,255,255,0.845,1.292,0.774,0.894
106,22,255,255,255,0.595,1.731,0.578,0.759
107,222,255,255,255,0.716,1.290,0.775,0.857
108,262,255,255,255,0.858,1.156,0.865,0.929
109,422,255,255,255,0.908,1.179,0.849,0.943
110,232,255,255,255,0.651,1.210,0.826,0.862
111,274,255,255,255,0.610,1.053,0.950,0.856
112,477,255,255,255,0.536,2.037,0.491,0.843
113,263,255,255,255,0.832,1.224,0.817,0.913
114,272,255,255,255,0.761,1.168,0.856,0.887
115,147,255,255,255,0.516,1.176,0.850,0.805
116,304,255,255,255,0.927,1.108,0.902,0.947
117,463,255,255,255,0.548,2.001,0.500,0.788
118,205,255,255,255,0.761,1.175,0.851,0.874
119,494,255,255,255,0.908,1.291,0.774,0.956
120,314,255,255,255,0.885,1.199,0.834,0.936
121,266,255,255,255,0.895,1.096,0.913,0.933
122,397,255,255,255,0.854,1.084,0.923,0.931
123,355,255,255,255,0.899,1.037,0.964,0.940
124,340,255,255,255,0.836,1.355,0.738,0.923
125,251,255,255,255,0.746,1.168,0.856,0.855
126,300,255,255,255,0.813,1.161,0.862,0.905
127,359,255,255,255,0.866,1.474,0.679,0.931
128,161,255,255,255,0.610,1.371,0.730,0.852
129,170,255,255,255,0.685,1.176,0.850,0.774
130,272,255,255,255,0.809,1.291,0.775,0.876
131,120,255,255,255,0.613,1.696,0.590,0.803
132,282,255,255,255,0.883,1.301,0.769,0.946
133,163,255,255,255,0.821,1.331,0.751,0.886
134,265,255,255,255,0.713,1.288,0.776,0.844
135,304,255,255,255,0.872,1.048,0.954,0.925
136,83,255,255,255,0.561,1.375,0.727,0.741
137,149,255,255,255,0.619,2.377,0.421,0.835
138,239,255,255,255,0.829,1.095,0.913,0.917
139,323,255,255,255,0.917,1.118,0.895,0.942
140,116,255,255,255,0.512,2.613,0.383,0.771
141,438,255,255,255,0.884,1.297,0.771,0.938
142,205,255,255,255,0.816,1.320,0.757,0.893
143,470,255,255,255,0.921,1.143,0.875,0.948
144,285,255,255,255,0.879,1.110,0.901,0.934
145,301,255,255,255,0.902,1.188,0.842,0.930
146,276,255,255,255,0.618,1.107,0.904,0.852
147,272,255,255,255,0.891,1.341,0.746,0.943
148,460,255,255,255,0.901,1.145,0.873,0.935
149,367,255,255,255,0.879,1.313,0.761,0.940
150,109,255,255,255,0.734,1.376,0.727,0.908
151,185,255,255,255,0.843,1.136,0.880,0.894
152,307,255,255,255,0.765,1.289,0.776,0.925
153,158,255,255,255,0.753,1.232,0.812,0.854
154,314,255,255,255,0.785,1.097,0.912,0.902
155,124,255,255,255,0.515,1.220,0.820,0.763
156,157,255,255,255,0.551,1.650,0.606,0.853
157,289,255,255,255,0.915,1.080,0.926,0.929
158,291,255,255,255,0.888,1.214,0.824,0.928
159,160,255,255,255,0.526,1.356,0.738,0.840
160,46,255,255,255,0.584,2.278,0.439,0.719
161,310,255,255,255,0.812,1.240,0.806,0.892
162,391,255,255,255,0.868,1.417,0.706,0.935
163,76,255,255,255,0.617,1.391,0.719,0.822
164,388,255,255,255,0.715,1.365,0.733,0.901
165,268,255,255,255,0.912,1.285,0.778,0.934
166,327,255,255,255,0.915,1.074,0.931,0.942
167,222,255,255,255,0.785,1.163,0.860,0.874
168,472,255,255,255,0.515,1.607,0.622,0.853
169,182,255,255,255,0.848,1.204,0.830,0.908
170,229,255,255,255,0.920,1.160,0.862,0.931
171,266,255,255,255,0.709,1.249,0.801,0.882
172,337,255,255,255,0.779,1.113,0.898,0.917
173,472,255,255,255,0.893,1.192,0.839,0.939
174,74,255,255,255,0.608,1.459,0.685,0.733
175,254,255,255,255,0.736,1.142,0.875,0.874
176,269,255,255,255,0.881,1.123,0.891,0.915
177,22,255,255,255,0.768,1.202,0.832,0.733
178,314,255,255,255,0.796,1.313,0.762,0.922
179,450,255,255,255,0.889,1.271,0.787,0.936
180,193,255,255,255,0.816,1.142,0.875,0.894
181,216,255,255,255,0.749,1.227,0.815,0.867
182,311,255,255,255,0.723,1.325,0.755,0.909
183,299,255,255,255,0.797,1.145,0.873,0.913
184,151,255,255,255,0.551,1.468,0.681,0.830
185,317,255,255,255,0.792,1.149,0.870,0.908
186,341,255,255,255,0.909,1.173,0.853,0.930
187,214,255,255,255,0.620,1.127,0.888,0.817
188,324,255,255,255,0.923,1.311,0.763,0.938
189,130,255,255,255,0.598,1.308,0.765,0.820
190,264,255,255,255,0.881,1.402,0.713,0.931
191,224,255,255,255,0.799,1.231,0.812,0.909
192,276,255,255,255,0.794,1.075,0.930,0.889
193,291,255,255,255,0.795,1.213,0.824,0.905
194,319,255,255,255,0.828,1.183,0.845,0.921
195,322,255,255,255,0.784,1.566,0.638,0.903
196,401,255,255,255,0.821,1.222,0.818,0.918
197,478,255,255,255,0.897,1.055,0.948,0.947
198,236,255,255,255,0.517,1.059,0.945,0.841
199,274,255,255,255,0.759,1.411,0.709,0.916
200,347,255,255,255,0.894,1.168,0.856,0.938
201,26,255,255,255,0.606,2.082,0.480,0.732
202,272,255,255,255,0.696,1.241,0.806,0.879
203,290,255,255,255,0.798,1.105,0.905,0.915
204,271,255,255,255,0.881,1.074,0.931,0.938
205,338,255,255,255,0.845,1.122,0.891,0.927
206,43,255,255,255,0.776,1.513,0.661,0.851
207,280,255,255,255,0.673,1.061,0.943,0.864
208,282,255,255,255,0.732,1.216,0.823,0.900
209,286,255,255,255,0.857,1.457,0.686,0.920
210,316,255,255,255,0.848,1.356,0.737,0.929
211,233,255,255,255,0.872,1.181,0.847,0.921
212,150,255,255,255,0.683,1.078,0.927,0.677
213,277,255,255,255,0.893,1.270,0.787,0.934
214,304,255,255,255,0.920,1.094,0.914,0.931
215,283,255,255,255,0.857,1.250,0.800,0.925
216,252,255,255,255,0.695,1.112,0.899,0.867
217,491,255,255,255,0.916,1.149,0.870,0.949
218,243,255,255,255,0.641,1.139,0.878,0.893
219,391,255,255,255,0.737,1.325,0.755,0.923
220,153,255,255,255,0.584,1.097,0.911,0.827
221,298,255,255,255,0.834,1.258,0.795,0.913
222,254,255,255,255,0.841,1.538,0.650,0.907
223,297,255,255,255,0.896,1.491,0.670,0.944
224,377,255,255,255,0.813,1.525,0.656,0.900
225,223,255,255,255,0.870,1.315,0.760,0.918
226,22,255,255,255,0.524,1.206,0.829,0.638
227,232,255,255,255,0.666,1.292,0.774,0.698
228,325,255,255,255,0.804,1.098,0.910,0.918
229,223,255,255,255,0.714,1.067,0.937,0.878
230,238,255,255,255,0.803,1.043,0.959,0.872
231,333,255,255,255,0.900,1.067,0.937,0.933
232,287,255,255,255,0.892,1.163,0.860,0.926
233,237,255,255,255,0.606,1.462,0.684,0.840
234,285,255,255,255,0.885,1.281,0.781,0.936
235,144,255,255,255,0.580,1.401,0.714,0.845
236,213,255,255,255,0.739,1.189,0.841,0.886
237,185,255,255,255,0.632,1.184,0.845,0.815
238,183,255,255,255,0.550,1.128,0.887,0.836
239,152,255,255,255,0.715,1.143,0.875,0.696
240,229,255,255,255,0.893,1.155,0.866,0.927
241,245,255,255,255,0.917,1.151,0.869,0.930
242,191,255,255,255,0.862,1.126,0.888,0.903
243,192,255,255,255,0.848,1.218,0.821,0.904
244,144,255,255,255,0.958,1.249,0.801,0.938
245,218,255,255,255,0.793,1.543,0.648,0.893
246,147,255,255,255,0.758,1.278,0.782,0.867
247,229,255,255,255,0.659,1.313,0.762,0.842
248,351,255,255,255,0.811,1.080,0.926,0.909
249,170,255,255,255,0.818,1.362,0.734,0.895
250,247,255,255,255,0.881,1.234,0.810,0.917
251,249,255,255,255,0.940,1.114,0.898,0.949
252,246,255,255,255,0.745,1.216,0.822,0.875
253,430,255,255,255,0.925,1.058,0.945,0.926
254,216,255,255,255,0.749,1.273,0.786,0.883
255,316,255,255,255,0.759,1.175,0.851,0.894
256,184,255,255,255,0.885,1.425,0.702,0.918
257,352,255,255,255,0.510,2.167,0.461,0.789
258,462,255,255,255,0.892,1.134,0.882,0.924
259,216,255,255,255,0.867,1.224,0.817,0.913
260,303,255,255,255,0.848,1.514,0.660,0.925
261,145,255,255,255,0.813,1.260,0.794,0.879
262,320,255,255,255,0.895,1.151,0.869,0.928
263,319,255,255,255,0.908,1.187,0.842,0.930
264,254,255,255,255,0.896,1.338,0.747,0.932
265,204,255,255,255,0.837,1.409,0.710,0.907
266,383,255,255,255,0.794,1.693,0.591,0.898
267,318,255,255,255,0.774,1.269,0.788,0.893
268,306,255,255,255,0.660,1.105,0.905,0.823
269,141,255,255,255,0.663,1.140,0.877,0.656
270,298,255,255,255,0.879,1.281,0.780,0.930
271,200,255,255,255,0.708,1.393,0.718,0.870
272,185,255,255,255,0.890,1.231,0.812,0.918
273,360,255,255,255,0.830,1.447,0.691,0.925
274,294,255,255,255,0.718,1.721,0.581,0.880
275,276,255,255,255,0.857,1.213,0.824,0.922
276,497,255,255,255,0.883,1.236,0.809,0.939
277,141,255,255,255,0.678,1.227,0.815,0.681
278,189,255,255,255,0.598,1.284,0.779,0.840
279,173,255,255,255,0.788,1.045,0.957,0.899
280,430,255,255,255,0.919,1.175,0.851,0.937
281,458,255,255,255,0.879,1.161,0.862,0.943
282,144,255,255,255,0.545,1.788,0.559,0.802
283,296,255,255,255,0.858,1.149,0.870,0.924
284,176,255,255,255,0.820,1.620,0.617,0.884
285,362,255,255,255,0.930,1.205,0.830,0.956
286,145,255,255,255,0.793,1.193,0.839,0.863
287,356,255,255,255,0.828,1.039,0.962,0.921
288,492,255,255,255,0.758,1.150,0.870,0.914
289,170,255,255,255,0.606,1.405,0.712,0.785
290,161,255,255,255,0.680,1.176,0.851,0.719
291,443,255,255,255,0.881,1.201,0.832,0.940
292,307,255,255,255,0.523,1.908,0.524,0.791
293,174,255,255,255,0.929,1.073,0.932,0.909
294,172,255,255,255,0.820,1.083,0.923,0.901
295,452,255,255,255,0.929,1.108,0.903,0.958
296,209,255,255,255,0.829,1.658,0.603,0.927
297,205,255,255,255,0.711,1.319,0.758,0.870
298,211,255,255,255,0.884,1.136,0.880,0.913
299,257,255,255,255,0.588,1.209,0.827,0.847
300,292,255,255,255,0.931,1.055,0.948,0.936
301,296,255,255,255,0.828,1.203,0.831,0.911
302,303,255,255,255,0.931,1.035,0.966,0.942
303,139,255,255,255,0.760,1.273,0.786,0.871
304,490,255,255,255,0.888,1.188,0.841,0.950
305,159,255,255,255,0.887,1.207,0.828,0.933
306,104,255,255,255,0.652,1.107,0.903,0.822
307,226,255,255,255,0.522,1.149,0.870,0.822
308,201,255,255,255,0.895,1.185,0.844,0.916
309,493,255,255,255,0.642,1.822,0.549,0.846
310,132,255,255,255,0.729,1.537,0.651,0.852
311,173,255,255,255,0.734,1.238,0.808,0.852
312,423,255,255,255,0.896,1.108,0.903,0.931
313,171,255,255,255,0.659,1.652,0.606,0.810
314,31,255,255,255,0.907,1.122,0.891,0.886
315,211,255,255,255,0.911,1.138,0.879,0.927
316,41,255,255,255,0.629,2.063,0.485,0.726
317,278,255,255,255,0.723,1.167,0.857,0.901
318,274,255,255,255,0.845,1.103,0.907,0.910
319,291,255,255,255,0.888,1.032,0.969,0.922
320,155,255,255,255,0.887,1.239,0.807,0.912
321,44,255,255,255,0.648,1.250,0.800,0.800
322,301,255,255,255,0.918,1.003,0.997,0.938
323,190,255,255,255,0.613,1.356,0.737,0.844
324,402,255,255,255,0.873,1.028,0.973,0.928
325,364,255,255,255,0.860,1.065,0.939,0.920
326,244,255,255,255,0.772,1.358,0.737,0.909
327,80,255,255,255,0.521,1.740,0.575,0.557
328,313,255,255,255,0.752,1.160,0.862,0.890
329,155,255,255,255,0.773,1.404,0.712,0.871
330,99,255,255,255,0.627,1.274,0.785,0.789
331,323,255,255,255,0.607,2.043,0.490,0.826
332,173,255,255,255,0.626,1.452,0.689,0.856
333,241,255,255,255,0.814,1.170,0.855,0.909
334,240,255,255,255,0.888,1.146,0.872,0.934
335,453,255,255,255,0.835,1.224,0.817,0.918
336,91,255,255,255,0.583,1.541,0.649,0.617
337,131,255,255,255,0.517,1.270,0.788,0.759
338,241,255,255,255,0.860,1.246,0.803,0.922
339,258,255,255,255,0.671,1.018,0.982,0.866
340,130,255,255,255,0.687,1.089,0.919,0.828
341,280,255,255,255,0.886,1.085,0.922,0.923
342,430,255,255,255,0.868,1.137,0.879,0.937
343,248,255,255,255,0.928,1.229,0.814,0.938
344,185,255,255,255,0.709,1.242,0.805,0.831
345,449,255,255,255,0.862,1.239,0.807,0.930
346,227,255,255,255,0.912,1.161,0.862,0.921
347,290,255,255,255,0.767,1.459,0.685,0.898
348,372,255,255,255,0.838,1.223,0.817,0.921
349,305,255,255,255,0.891,1.129,0.885,0.933
350,235,255,255,255,0.818,1.462,0.684,0.892
351,146,255,255,255,0.606,1.661,0.602,0.809
352,221,255,255,255,0.851,1.127,0.887,0.908
353,235,255,255,255,0.815,1.303,0.767,0.904
354,194,255,255,255,0.729,1.236,0.809,0.857
355,241,255,255,255,0.836,1.204,0.830,0.898
356,192,255,255,255,0.603,1.146,0.873,0.859
357,243,255,255,255,0.895,1.110,0.901,0.914
358,187,255,255,255,0.800,1.112,0.899,0.882
359,266,255,255,255,0.721,1.239,0.807,0.885
360,282,255,255,255,0.860,1.110,0.901,0.910
361,309,255,255,255,0.880,1.106,0.904,0.921
362,349,255,255,255,0.905,1.224,0.817,0.939
363,137,255,255,255,0.626,1.246,0.802,0.790
364,163,255,255,255,0.643,1.069,0.936,0.819
365,244,255,255,255,0.913,1.321,0.757,0.930
366,203,255,255,255,0.822,1.192,0.839,0.902
367,282,255,255,255,0.931,1.158,0.863,0.953
368,210,255,255,255,0.795,1.320,0.758,0.886
369,186,255,255,255,0.786,1.206,0.829,0.892
370,218,255,255,255,0.857,1.256,0.796,0.932
371,232,255,255,255,0.821,1.265,0.791,0.906
372,264,255,255,255,0.942,1.227,0.815,0.943
373,401,255,255,255,0.713,1.198,0.835,0.888
374,429,255,255,255,0.911,1.104,0.906,0.935
375,218,255,255,255,0.826,1.209,0.827,0.877
376,331,255,255,255,0.933,1.094,0.914,0.944
377,307,255,255,255,0.791,1.339,0.747,0.923
378,223,255,255,255,0.835,1.164,0.859,0.933
379,245,255,255,255,0.891,1.065,0.939,0.932
380,251,255,255,255,0.888,1.313,0.762,0.914
381,419,255,255,255,0.716,1.169,0.855,0.907
382,182,255,255,255,0.948,1.060,0.944,0.929
383,242,255,255,255,0.823,1.207,0.828,0.903
384,232,255,255,255,0.879,1.060,0.944,0.919
385,133,255,255,255,0.564,1.345,0.744,0.847
386,187,255,255,255,0.662,1.268,0.789,0.827
387,435,255,255,255,0.807,1.249,0.801,0.928
388,389,255,255,255,0.947,1.117,0.895,0.949
389,177,255,255,255,0.892,1.347,0.742,0.910
390,162,255,255,255,0.591,1.140,0.877,0.812
391,277,255,255,255,0.969,1.105,0.905,0.954
392,260,255,255,255,0.962,1.174,0.852,0.958
393,296,255,255,255,0.757,1.222,0.818,0.915
394,380,255,255,255,0.916,1.164,0.859,0.951
395,205,255,255,255,0.816,1.307,0.765,0.915
396,232,255,255,255,0.879,1.144,0.874,0.917
397,368,255,255,255,0.743,1.381,0.724,0.899
398,234,255,255,255,0.844,1.330,0.752,0.893
399,159,255,255,255,0.734,1.410,0.709,0.869
400,228,255,255,255,0.889,1.214,0.824,0.923
401,192,255,255,255,0.781,1.478,0.677,0.901
402,27,255,255,255,0.630,2.209,0.453,0.720
403,150,255,255,255,0.774,1.453,0.688,0.867
404,213,255,255,255,0.669,1.281,0.781,0.861
405,183,255,255,255,0.844,1.103,0.907,0.904
406,220,255,255,255,0.737,1.154,0.867,0.878
407,196,255,255,255,0.804,1.334,0.750,0.893
408,242,255,255,255,0.609,1.497,0.668,0.864
409,316,255,255,255,0.884,1.097,0.912,0.931
410,424,255,255,255,0.791,1.138,0.879,0.910
411,206,255,255,255,0.813,1.109,0.902,0.898
412,195,255,255,255,0.658,1.081,0.925,0.850
413,215,255,255,255,0.814,1.170,0.855,0.881
414,357,255,255,255,0.890,1.024,0.976,0.939
415,24,255,255,255,0.507,1.150,0.869,0.676
416,456,255,255,255,0.868,1.192,0.839,0.910
417,316,255,255,255,0.923,1.084,0.922,0.932
418,488,255,255,255,0.628,1.649,0.607,0.811
419,246,255,255,255,0.793,1.254,0.798,0.888
420,277,255,255,255,0.817,1.330,0.752,0.907
421,220,255,255,255,0.883,1.029,0.972,0.903
422,169,255,255,255,0.673,1.751,0.571,0.845
423,236,255,255,255,0.883,1.232,0.812,0.933
424,268,255,255,255,0.714,1.337,0.748,0.883
425,235,255,255,255,0.898,1.183,0.845,0.920
426,177,255,255,255,0.699,1.705,0.586,0.859
427,301,255,255,255,0.842,1.158,0.864,0.879
428,186,255,255,255,0.814,1.216,0.822,0.903
429,220,255,255,255,0.873,1.364,0.733,0.942
430,280,255,255,255,0.784,1.299,0.770,0.908
431,306,255,255,255,0.910,1.161,0.861,0.929
432,228,255,255,255,0.830,1.149,0.870,0.925
433,267,255,255,255,0.909,1.146,0.872,0.929
434,157,255,255,255,0.633,1.093,0.915,0.824
435,201,255,255,255,0.604,1.287,0.777,0.861
436,244,255,255,255,0.940,1.136,0.880,0.944
437,102,255,255,255,0.644,1.621,0.617,0.694
438,180,255,255,255,0.559,1.500,0.667,0.816
439,123,255,255,255,0.818,1.579,0.633,0.860
440,254,255,255,255,0.825,1.236,0.809,0.902
441,195,255,255,255,0.648,1.186,0.843,0.830
442,210,255,255,255,0.672,1.490,0.671,0.854
443,252,255,255,255,0.645,1.417,0.706,0.872
444,72,255,255,255,0.535,1.151,0.869,0.727
445,165,255,255,255,0.568,1.476,0.677,0.821
446,193,255,255,255,0.622,1.221,0.819,0.834
447,216,255,255,255,0.770,1.285,0.778,0.869
448,122,255,255,255,0.734,1.703,0.587,0.775
449,276,255,255,255,0.921,1.121,0.892,0.939
450,297,255,255,255,0.773,1.542,0.648,0.910
451,369,255,255,255,0.738,1.461,0.684,0.865
452,305,255,255,255,0.897,1.292,0.774,0.943
453,165,255,255,255,0.589,1.509,0.663,0.663
454,38,255,255,255,0.593,2.286,0.437,0.717
455,381,255,255,255,0.921,1.219,0.820,0.940
456,392,255,255,255,0.616,2.502,0.400,0.848
457,210,255,255,255,0.822,1.389,0.720,0.884
458,152,255,255,255,0.692,1.521,0.657,0.847
459,267,255,255,255,0.901,1.007,0.993,0.919
460,148,255,255,255,0.584,1.554,0.643,0.815
461,91,255,255,255,0.622,1.847,0.541,0.768
462,34,255,255,255,0.719,2.210,0.453,0.791
463,155,255,255,255,0.604,1.339,0.747,0.820
464,185,255,255,255,0.587,1.243,0.804,0.835
465,375,255,255,255,0.864,1.318,0.759,0.934
466,258,255,255,255,0.829,1.243,0.804,0.923
467,245,255,255,255,0.627,1.597,0.626,0.829
468,256,255,255,255,0.748,1.176,0.850,0.908
469,118,255,255,255,0.505,1.465,0.683,0.738
470,435,255,255,255,0.771,1.084,0.923,0.911
471,223,255,255,255,0.915,1.057,0.946,0.927
472,435,255,255,255,0.551,2.087,0.479,0.839
473,132,255,255,255,0.548,1.155,0.866,0.825
474,200,255,255,255,0.838,1.588,0.630,0.917
475,225,255,255,255,0.781,1.195,0.837,0.860
476,201,255,255,255,0.784,1.539,0.650,0.893
477,305,255,255,255,0.833,1.108,0.903,0.915
478,190,255,255,255,0.967,1.176,0.850,0.943
479,109,255,255,255,0.531,1.313,0.761,0.768
480,61,255,255,255,0.507,1.319,0.758,0.713
481,388,255,255,255,0.915,1.184,0.845,0.951
482,368,255,255,255,0.732,1.425,0.702,0.901
483,202,255,255,255,0.630,1.567,0.638,0.849
484,292,255,255,255,0.826,1.117,0.895,0.901
485,282,255,255,255,0.876,1.095,0.913,0.928
486,41,255,255,255,0.629,1.762,0.567,0.820
487,492,255,255,255,0.918,1.080,0.926,0.943
488,248,255,255,255,0.910,1.144,0.874,0.932
489,202,255,255,255,0.612,1.390,0.719,0.852
490,289,255,255,255,0.912,1.205,0.830,0.940
491,174,255,255,255,0.587,1.337,0.748,0.825
492,186,255,255,255,0.895,1.280,0.781,0.912
493,135,255,255,255,0.764,1.485,0.673,0.774
494,208,255,255,255,0.811,1.385,0.722,0.914
495,463,255,255,255,0.899,1.288,0.776,0.947
496,169,255,255,255,0.566,1.292,0.774,0.801
497,207,255,255,255,0.902,1.354,0.738,0.932
498,486,255,255,255,0.551,1.943,0.515,0.827
499,169,255,255,255,0.593,1.166,0.858,0.822
500,423,255,255,255,0.877,1.210,0.827,0.948
501,164,255,255,255,0.834,1.183,0.845,0.899
502,361,255,255,255,0.871,1.203,0.831,0.940
503,410,255,255,255,0.882,1.379,0.725,0.943
504,284,255,255,255,0.770,1.026,0.974,0.904
505,284,255,255,255,0.882,1.263,0.792,0.928
506,294,255,255,255,0.723,1.252,0.798,0.880
507,181,255,255,255,0.628,1.740,0.575,0.842
508,316,255,255,255,0.728,1.243,0.805,0.824
509,195,255,255,255,0.869,1.219,0.820,0.938
510,434,255,255,255,0.876,1.167,0.857,0.938
511,402,255,255,255,0.731,1.919,0.521,0.878
512,176,255,255,255,0.831,1.222,0.818,0.880
513,278,255,255,255,0.609,1.237,0.808,0.819
514,293,255,255,255,0.868,1.202,0.832,0.936
515,179,255,255,255,0.861,1.094,0.914,0.906
516,276,255,255,255,0.965,1.040,0.962,0.952
517,171,255,255,255,0.501,1.393,0.718,0.750
518,206,255,255,255,0.774,1.123,0.890,0.875
519,397,255,255,255,0.936,1.068,0.937,0.947
520,349,255,255,255,0.884,1.221,0.819,0.945
521,227,255,255,255,0.931,1.147,0.872,0.928
522,24,255,255,255,0.726,1.790,0.559,0.774
523,129,255,255,255,0.644,1.146,0.873,0.827
524,130,255,255,255,0.524,1.633,0.613,0.785
525,170,255,255,255,0.685,1.084,0.923,0.844
526,207,255,255,255,0.867,1.082,0.924,0.902
527,130,255,255,255,0.704,1.148,0.871,0.805
528,170,255,255,255,0.784,1.229,0.813,0.879
529,174,255,255,255,0.583,1.393,0.718,0.853
530,192,255,255,255,0.848,1.155,0.866,0.893
531,228,255,255,255,0.881,1.076,0.930,0.896
532,187,255,255,255,0.776,1.214,0.824,0.880
533,55,255,255,255,0.659,1.448,0.690,0.748
534,266,255,255,255,0.697,1.381,0.724,0.879
535,362,255,255,255,0.840,1.046,0.956,0.928
536,325,255,255,255,0.878,1.180,0.847,0.922
537,124,255,255,255,0.727,1.433,0.698,0.846
538,226,255,255,255,0.598,1.223,0.818,0.839
539,182,255,255,255,0.926,1.207,0.829,0.922
540,220,255,255,255,0.865,1.202,0.832,0.917
541,283,255,255,255,0.806,1.042,0.959,0.886
542,188,255,255,255,0.748,1.412,0.708,0.872
543,237,255,255,255,0.638,1.308,0.764,0.862
544,184,255,255,255,0.795,1.547,0.646,0.887
545,237,255,255,255,0.779,1.146,0.872,0.896
546,208,255,255,255,0.516,1.609,0.622,0.782
547,197,255,255,255,0.906,1.065,0.939,0.918
548,181,255,255,255,0.700,1.462,0.684,0.866
549,208,255,255,255,0.779,1.638,0.611,0.902
550,295,255,255,255,0.834,1.300,0.769,0.912
551,184,255,255,255,0.838,1.551,0.645,0.902
552,211,255,255,255,0.920,1.083,0.924,0.930
553,283,255,255,255,0.850,1.290,0.775,0.926
554,362,255,255,255,0.896,1.251,0.800,0.931
555,172,255,255,255,0.534,1.158,0.863,0.823
556,176,255,255,255,0.737,1.371,0.730,0.867
557,286,255,255,255,0.829,1.198,0.834,0.912
558,179,255,255,255,0.604,1.688,0.592,0.827
559,370,255,255,255,0.511,2.229,0.449,0.825
560,206,255,255,255,0.878,1.426,0.701,0.932
561,445,255,255,255,0.885,1.182,0.846,0.942
562,205,255,255,255,0.905,1.142,0.875,0.909
563,197,255,255,255,0.906,1.305,0.766,0.945
564,178,255,255,255,0.661,1.179,0.848,0.842
565,365,255,255,255,0.869,1.378,0.726,0.937
566,193,255,255,255,0.916,1.126,0.888,0.935
567,417,255,255,255,0.663,1.798,0.556,0.829
568,265,255,255,255,0.567,1.151,0.869,0.826
569,378,255,255,255,0.858,1.179,0.848,0.923
570,158,255,255,255,0.611,2.177,0.459,0.792
571,395,255,255,255,0.807,1.394,0.717,0.924
572,415,255,255,255,0.887,1.128,0.886,0.940
573,149,255,255,255,0.555,1.453,0.688,0.803
574,179,255,255,255,0.713,1.066,0.938,0.886
575,388,255,255,255,0.514,1.907,0.524,0.773
576,233,255,255,255,0.865,1.514,0.660,0.923
577,181,255,255,255,0.558,1.500,0.666,0.834
578,406,255,255,255,0.887,1.271,0.787,0.932
579,215,255,255,255,0.901,1.236,0.809,0.919
580,258,255,255,255,0.616,1.437,0.696,0.861
581,216,255,255,255,0.770,1.086,0.921,0.845
582,361,255,255,255,0.762,1.222,0.818,0.915
583,155,255,255,255,0.690,1.576,0.635,0.886
584,41,255,255,255,0.580,1.890,0.529,0.695
585,467,255,255,255,0.866,1.150,0.869,0.930
586,430,255,255,255,0.892,1.105,0.905,0.937
587,194,255,255,255,0.912,1.105,0.905,0.919
588,210,255,255,255,0.854,1.059,0.944,0.915
589,336,255,255,255,0.762,1.534,0.652,0.907
590,200,255,255,255,0.773,1.332,0.751,0.883
591,224,255,255,255,0.907,1.254,0.797,0.931
592,206,255,255,255,0.803,1.455,0.687,0.914
593,214,255,255,255,0.933,1.041,0.960,0.930
594,95,255,255,255,0.609,1.769,0.565,0.662
595,439,255,255,255,0.891,1.239,0.807,0.937
596,57,255,255,255,0.504,1.484,0.674,0.704
597,146,255,255,255,0.548,1.544,0.648,0.825
598,273,255,255,255,0.929,1.108,0.902,0.935
599,176,255,255,255,0.895,1.337,0.748,0.919
600,265,255,255,255,0.536,1.191,0.840,0.835
601,447,255,255,255,0.913,1.175,0.851,0.945
602,395,255,255,255,0.613,2.101,0.476,0.842
603,173,255,255,255,0.663,1.290,0.775,0.844
604,152,255,255,255,0.892,1.326,0.754,0.910
605,210,255,255,255,0.552,1.120,0.893,0.798
606,165,255,255,255,0.657,1.773,0.564,0.857
607,479,255,255,255,0.761,1.218,0.821,0.921
608,372,255,255,255,0.885,1.224,0.817,0.929
609,34,255,255,255,0.553,1.897,0.527,0.747
610,326,255,255,255,0.897,1.058,0.945,0.934
611,373,255,255,255,0.906,1.296,0.772,0.955
612,444,255,255,255,0.860,1.220,0.820,0.926
613,209,255,255,255,0.832,1.206,0.829,0.903
614,290,255,255,255,0.585,1.807,0.553,0.727
615,376,255,255,255,0.901,1.084,0.923,0.932
616,173,255,255,255,0.591,1.836,0.545,0.838
617,264,255,255,255,0.891,1.167,0.857,0.912
618,202,255,255,255,0.929,1.139,0.878,0.933
619,461,255,255,255,0.883,1.198,0.834,0.940
620,227,255,255,255,0.558,1.254,0.797,0.790
621,397,255,255,255,0.915,1.331,0.751,0.949
622,146,255,255,255,0.594,1.531,0.653,0.787
623,227,255,255,255,0.547,1.478,0.677,0.814
624,293,255,255,255,0.894,1.147,0.872,0.935
625,397,255,255,255,0.915,1.124,0.889,0.946
626,233,255,255,255,0.815,1.431,0.699,0.917
627,217,255,255,255,0.864,1.188,0.842,0.916
628,377,255,255,255,0.850,1.102,0.908,0.934
629,446,255,255,255,0.925,1.201,0.833,0.949
630,27,255,255,255,0.582,1.182,0.846,0.711
631,219,255,255,255,0.861,1.119,0.893,0.911
632,210,255,255,255,0.843,1.057,0.946,0.897
633,423,255,255,255,0.899,1.190,0.840,0.938
634,326,255,255,255,0.922,1.040,0.961,0.933
635,162,255,255,255,0.564,1.180,0.847,0.808
636,83,255,255,255,0.520,1.209,0.827,0.722
637,199,255,255,255,0.936,1.100,0.909,0.936
638,235,255,255,255,0.898,1.341,0.746,0.936
639,251,255,255,255,0.766,1.566,0.638,0.884
640,243,255,255,255,0.717,1.397,0.716,0.868
641,42,255,255,255,0.758,1.091,0.917,0.840
642,173,255,255,255,0.740,1.334,0.750,0.885
643,77,255,255,255,0.681,1.577,0.634,0.819
644,22,255,255,255,0.840,1.176,0.850,0.772
645,483,255,255,255,0.878,1.177,0.850,0.937
646,157,255,255,255,0.765,1.028,0.973,0.877
647,384,255,255,255,0.847,1.191,0.840,0.926
648,441,255,255,255,0.890,1.191,0.840,0.936
649,209,255,255,255,0.903,1.228,0.815,0.919
650,210,255,255,255,0.861,1.058,0.945,0.911
651,186,255,255,255,0.895,1.204,0.831,0.916
652,196,255,255,255,0.764,1.043,0.958,0.891
653,165,255,255,255,0.769,1.369,0.731,0.857
654,33,255,255,255,0.697,2.147,0.466,0.776
655,84,255,255,255,0.574,1.156,0.865,0.760
656,31,255,255,255,0.526,1.806,0.554,0.756
657,377,255,255,255,0.863,1.179,0.848,0.939
658,155,255,255,255,0.909,1.402,0.713,0.925
659,385,255,255,255,0.887,1.414,0.707,0.941
660,95,255,255,255,0.615,1.732,0.577,0.683
661,191,255,255,255,0.562,1.149,0.870,0.840
662,230,255,255,255,0.854,1.056,0.947,0.924
663,393,255,255,255,0.941,1.130,0.885,0.949
664,229,255,255,255,0.817,1.185,0.844,0.902
665,311,255,255,255,0.892,1.143,0.875,0.924
666,285,255,255,255,0.678,1.384,0.722,0.843
667,471,255,255,255,0.884,1.234,0.810,0.941
668,158,255,255,255,0.629,1.228,0.814,0.836
669,217,255,255,255,0.925,1.107,0.903,0.937
670,461,255,255,255,0.877,1.188,0.841,0.937
671,183,255,255,255,0.687,1.132,0.884,0.772
672,410,255,255,255,0.559,2.100,0.476,0.786
673,279,255,255,255,0.914,1.194,0.837,0.938
674,234,255,255,255,0.708,1.285,0.778,0.862
675,312,255,255,255,0.858,1.306,0.766,0.919
676,339,255,255,255,0.794,1.390,0.719,0.910
677,266,255,255,255,0.905,1.063,0.941,0.933
678,426,255,255,255,0.878,1.142,0.875,0.938
679,145,255,255,255,0.534,1.463,0.683,0.792
680,391,255,255,255,0.873,1.184,0.845,0.921
681,336,255,255,255,0.746,1.449,0.690,0.889
682,130,255,255,255,0.528,1.142,0.875,0.722
683,98,255,255,255,0.621,1.685,0.594,0.667
684,281,255,255,255,0.903,1.124,0.890,0.930
685,233,255,255,255,0.670,1.176,0.850,0.849
686,223,255,255,255,0.765,1.148,0.871,0.907
687,418,255,255,255,0.535,1.112,0.899,0.874
688,20,255,255,255,0.541,2.628,0.381,0.714
689,366,255,255,255,0.857,1.351,0.740,0.927
690,176,255,255,255,0.777,1.309,0.764,0.861
691,307,255,255,255,0.881,1.297,0.771,0.932
692,189,255,255,255,0.768,1.163,0.860,0.892
693,198,255,255,255,0.882,1.212,0.825,0.915
694,384,255,255,255,0.920,1.354,0.739,0.949
695,271,255,255,255,0.812,1.334,0.750,0.912
696,314,255,255,255,0.870,1.317,0.760,0.925
697,115,255,255,255,0.536,1.681,0.595,0.824
698,203,255,255,255,0.877,1.154,0.867,0.906
699,271,255,255,255,0.940,1.120,0.893,0.936
700,407,255,255,255,0.829,1.102,0.908,0.913
701,199,255,255,255,0.809,1.417,0.706,0.879
702,265,255,255,255,0.768,1.109,0.902,0.888
703,358,255,255,255,0.838,1.283,0.779,0.914
704,186,255,255,255,0.600,1.273,0.786,0.842
705,197,255,255,255,0.731,1.188,0.842,0.864
706,449,255,255,255,0.898,1.175,0.851,0.941
707,264,255,255,255,0.849,1.502,0.666,0.935
708,44,255,255,255,0.613,2.204,0.454,0.779
709,472,255,255,255,0.807,1.177,0.850,0.911
710,162,255,255,255,0.518,1.236,0.809,0.703
711,393,255,255,255,0.714,1.851,0.540,0.867
712,458,255,255,255,0.698,1.756,0.569,0.833
713,201,255,255,255,0.895,1.045,0.957,0.910
714,278,255,255,255,0.896,1.213,0.824,0.922
715,33,255,255,255,0.515,1.545,0.647,0.647
716,353,255,255,255,0.880,1.317,0.759,0.929
717,428,255,255,255,0.907,1.121,0.892,0.947
718,204,255,255,255,0.748,1.512,0.661,0.905
719,280,255,255,255,0.893,1.121,0.892,0.923
720,165,255,255,255,0.728,1.340,0.746,0.848
721,264,255,255,255,0.728,1.359,0.736,0.863
722,413,255,255,255,0.881,1.225,0.816,0.934
723,290,255,255,255,0.649,1.260,0.794,0.885
724,275,255,255,255,0.861,1.015,0.985,0.924
725,214,255,255,255,0.896,1.134,0.882,0.915
726,334,255,255,255,0.782,1.064,0.940,0.872
727,145,255,255,255,0.545,1.486,0.673,0.806
728,180,255,255,255,0.770,1.076,0.930,0.859
729,226,255,255,255,0.813,1.074,0.931,0.909
730,159,255,255,255,0.513,1.109,0.902,0.817
731,272,255,255,255,0.926,1.123,0.890,0.935
732,113,255,255,255,0.698,1.298,0.770,0.810
733,231,255,255,255,0.840,1.618,0.618,0.909
734,196,255,255,255,0.804,1.068,0.936,0.899
735,230,255,255,255,0.686,1.434,0.697,0.846
736,362,255,255,255,0.933,1.275,0.784,0.946
737,185,255,255,255,0.620,1.142,0.876,0.833
738,403,255,255,255,0.867,1.124,0.890,0.932
739,224,255,255,255,0.889,1.093,0.915,0.924
740,196,255,255,255,0.846,1.253,0.798,0.887
741,155,255,255,255,0.887,1.312,0.762,0.904
742,210,255,255,255,0.899,1.215,0.823,0.911
743,152,255,255,255,0.626,1.468,0.681,0.817
744,235,255,255,255,0.664,1.342,0.745,0.844
745,184,255,255,255,0.697,1.308,0.764,0.836
746,235,255,255,255,0.862,1.130,0.885,0.933
747,224,255,255,255,0.881,1.495,0.669,0.933
748,230,255,255,255,0.655,1.459,0.686,0.895
749,149,255,255,255,0.576,1.168,0.856,0.727
750,220,255,255,255,0.883,1.163,0.860,0.909
751,280,255,255,255,0.677,1.014,0.986,0.815
752,401,255,255,255,0.793,1.246,0.802,0.924
753,154,255,255,255,0.522,1.528,0.654,0.788
754,267,255,255,255,0.901,1.240,0.807,0.927
755,193,255,255,255,0.639,1.238,0.808,0.873
756,440,255,255,255,0.907,1.204,0.831,0.940
757,176,255,255,255,0.926,1.178,0.849,0.929
758,228,255,255,255,0.924,1.327,0.753,0.940
759,223,255,255,255,0.895,1.286,0.777,0.920
760,185,255,255,255,0.701,1.166,0.857,0.867
761,358,255,255,255,0.738,1.522,0.657,0.850
762,294,255,255,255,0.938,1.195,0.837,0.945
763,460,255,255,255,0.888,1.179,0.848,0.947
764,213,255,255,255,0.821,1.271,0.787,0.887
765,157,255,255,255,0.715,1.129,0.885,0.875
766,247,255,255,255,0.834,1.321,0.757,0.897
767,182,255,255,255,0.760,1.214,0.824,0.845
768,219,255,255,255,0.720,1.402,0.713,0.878
769,388,255,255,255,0.848,1.285,0.778,0.925
770,268,255,255,255,0.937,1.064,0.940,0.939
771,290,255,255,255,0.675,1.558,0.642,0.885
772,444,255,255,255,0.865,1.113,0.899,0.935
773,218,255,255,255,0.816,1.097,0.912,0.922
774,446,255,255,255,0.742,1.070,0.934,0.888
775,211,255,255,255,0.892,1.199,0.834,0.917
776,189,255,255,255,0.656,1.252,0.799,0.875
777,443,255,255,255,0.894,1.057,0.946,0.933
778,423,255,255,255,0.812,1.234,0.811,0.912
779,397,255,255,255,0.901,1.133,0.883,0.946
780,279,255,255,255,0.907,1.213,0.824,0.930
781,141,255,255,255,0.573,1.141,0.877,0.721
782,453,255,255,255,0.807,1.180,0.847,0.919
783,223,255,255,255,0.845,1.089,0.918,0.903
784,209,255,255,255,0.769,1.482,0.675,0.876
785,221,255,255,255,0.752,1.452,0.689,0.845
786,204,255,255,255,0.764,1.480,0.676,0.891
787,142,255,255,255,0.722,1.482,0.675,0.823
788,182,255,255,255,0.524,1.198,0.835,0.790
789,438,255,255,255,0.765,1.155,0.866,0.906
790,446,255,255,255,0.879,1.255,0.797,0.934
791,417,255,255,255,0.889,1.223,0.818,0.947
792,447,255,255,255,0.801,1.419,0.705,0.925
793,168,255,255,255,0.538,1.217,0.822,0.762
794,150,255,255,255,0.656,1.239,0.807,0.804
795,188,255,255,255,0.712,1.050,0.952,0.868
796,435,255,255,255,0.883,1.150,0.870,0.942
797,258,255,255,255,0.740,1.376,0.727,0.850
798,353,255,255,255,0.931,1.078,0.927,0.943
799,177,255,255,255,0.646,1.333,0.750,0.829
800,256,255,255,255,0.640,1.242,0.805,0.858
801,445,255,255,255,0.813,1.165,0.858,0.912
802,50,255,255,255,0.524,1.577,0.634,0.719
803,251,255,255,255,0.895,1.187,0.843,0.923
804,477,255,255,255,0.927,1.126,0.888,0.954
805,350,255,255,255,0.852,1.250,0.800,0.932
806,176,255,255,255,0.672,1.049,0.953,0.893
807,201,255,255,255,0.807,1.100,0.910,0.897
808,25,255,255,255,0.676,1.813,0.552,0.820
809,378,255,255,255,0.927,1.207,0.828,0.945
810,181,255,255,255,0.891,1.415,0.707,0.923
811,211,255,255,255,0.855,1.055,0.948,0.923
812,211,255,255,255,0.847,1.467,0.682,0.913
813,176,255,255,255,0.847,1.332,0.751,0.910
814,175,255,255,255,0.657,1.156,0.865,0.852
815,195,255,255,255,0.774,1.411,0.709,0.886
816,427,255,255,255,0.913,1.168,0.856,0.944
817,69,255,255,255,0.574,1.786,0.560,0.798
818,104,255,255,255,0.549,1.412,0.708,0.782
819,428,255,255,255,0.778,1.120,0.893,0.916
820,223,255,255,255,0.845,1.117,0.895,0.914
821,291,255,255,255,0.501,1.323,0.756,0.813
822,210,255,255,255,0.802,1.138,0.879,0.877
823,206,255,255,255,0.810,1.327,0.753,0.900
824,210,255,255,255,0.737,1.432,0.698,0.882
825,193,255,255,255,0.785,1.397,0.716,0.881
826,230,255,255,255,0.696,1.364,0.733,0.865
827,402,255,255,255,0.534,1.391,0.719,0.858
828,219,255,255,255,0.797,1.141,0.876,0.898
829,194,255,255,255,0.650,1.030,0.971,0.845
830,207,255,255,255,0.585,1.589,0.629,0.820
831,478,255,255,255,0.879,1.182,0.846,0.931
832,176,255,255,255,0.895,1.454,0.688,0.924
833,158,255,255,255,0.927,1.337,0.748,0.927
834,271,255,255,255,0.864,1.254,0.798,0.928
835,24,255,255,255,0.860,1.283,0.779,0.828
836,220,255,255,255,0.851,1.403,0.713,0.919
837,21,255,255,255,0.600,1.326,0.754,0.700
838,196,255,255,255,0.682,1.119,0.893,0.863
839,226,255,255,255,0.871,1.243,0.804,0.911
840,216,255,255,255,0.913,1.130,0.885,0.921
841,173,255,255,255,0.543,1.113,0.898,0.781
842,198,255,255,255,0.943,1.155,0.866,0.927
843,251,255,255,255,0.913,1.053,0.950,0.926
844,186,255,255,255,0.907,1.206,0.829,0.916
845,23,255,255,255,0.608,1.861,0.537,0.708
846,260,255,255,255,0.633,1.609,0.622,0.841
847,373,255,255,255,0.815,1.259,0.794,0.926
848,461,255,255,255,0.848,1.194,0.838,0.928
849,196,255,255,255,0.787,1.166,0.858,0.885
850,233,255,255,255,0.824,1.163,0.860,0.878
851,292,255,255,255,0.914,1.165,0.858,0.937
852,270,255,255,255,0.861,1.246,0.803,0.929
853,24,255,255,255,0.532,1.995,0.501,0.696
854,256,255,255,255,0.861,1.250,0.800,0.936
855,194,255,255,255,0.605,1.094,0.914,0.847
856,375,255,255,255,0.624,1.313,0.762,0.787
857,205,255,255,255,0.816,1.235,0.810,0.909
858,277,255,255,255,0.870,1.064,0.940,0.923
859,150,255,255,255,0.592,1.237,0.808,0.759
860,191,255,255,255,0.514,1.278,0.783,0.820
861,277,255,255,255,0.688,1.162,0.860,0.868
862,208,255,255,255,0.811,1.257,0.795,0.898
863,22,255,255,255,0.629,1.529,0.654,0.772
864,139,255,255,255,0.833,1.518,0.659,0.877
865,386,255,255,255,0.881,1.136,0.880,0.939
866,249,255,255,255,0.788,1.063,0.941,0.901
867,221,255,255,255,0.837,1.113,0.899,0.915
868,475,255,255,255,0.795,1.290,0.775,0.918
869,324,255,255,255,0.623,1.306,0.765,0.840
870,197,255,255,255,0.614,1.171,0.854,0.819
871,241,255,255,255,0.839,1.075,0.930,0.906
872,380,255,255,255,0.843,1.288,0.777,0.925
873,209,255,255,255,0.883,1.191,0.839,0.921
874,317,255,255,255,0.916,1.139,0.878,0.938
875,184,255,255,255,0.812,1.382,0.724,0.887
876,226,255,255,255,0.881,1.205,0.830,0.915
877,389,255,255,255,0.954,1.122,0.891,0.955
878,400,255,255,255,0.916,1.142,0.876,0.941
879,258,255,255,255,0.717,1.119,0.893,0.875
880,154,255,255,255,0.562,1.132,0.883,0.804
881,32,255,255,255,0.676,1.421,0.704,0.800
882,358,255,255,255,0.643,1.270,0.787,0.853
883,406,255,255,255,0.895,1.188,0.842,0.928
884,497,255,255,255,0.906,1.102,0.908,0.950
885,247,255,255,255,0.684,1.075,0.930,0.707
886,232,255,255,255,0.886,1.138,0.879,0.921
887,98,255,255,255,0.577,1.286,0.778,0.813
888,430,255,255,255,0.879,1.304,0.767,0.932
889,415,255,255,255,0.907,1.155,0.866,0.938
890,253,255,255,255,0.871,1.156,0.865,0.907
891,226,255,255,255,0.856,1.163,0.860,0.909
892,231,255,255,255,0.855,1.224,0.817,0.935
893,166,255,255,255,0.733,1.164,0.859,0.838
894,273,255,255,255,0.897,1.118,0.894,0.929
895,407,255,255,255,0.616,1.174,0.851,0.880
896,44,255,255,255,0.550,1.372,0.729,0.752
897,269,255,255,255,0.540,1.187,0.843,0.798
898,499,255,255,255,0.584,1.522,0.657,0.654
899,406,255,255,255,0.936,1.178,0.849,0.954
900,481,255,255,255,0.850,1.186,0.843,0.941
901,220,255,255,255,0.848,1.205,0.830,0.911
902,373,255,255,255,0.908,1.170,0.854,0.934
903,324,255,255,255,0.597,1.501,0.666,0.735
904,468,255,255,255,0.885,1.195,0.837,0.944
905,343,255,255,255,0.927,1.106,0.904,0.941
906,179,255,255,255,0.678,1.228,0.814,0.842
907,313,255,255,255,0.914,1.194,0.838,0.933
908,395,255,255,255,0.890,1.231,0.812,0.929
909,397,255,255,255,0.867,1.183,0.845,0.936
910,246,255,255,255,0.799,1.577,0.634,0.904
911,269,255,255,255,0.836,1.150,0.870,0.906
912,238,255,255,255,0.873,1.167,0.857,0.924
913,247,255,255,255,0.864,1.112,0.899,0.929
914,434,255,255,255,0.887,1.141,0.876,0.947
915,219,255,255,255,0.898,1.130,0.885,0.920
916,182,255,255,255,0.593,1.217,0.821,0.827
917,484,255,255,255,0.589,1.966,0.509,0.825
918,483,255,255,255,0.858,1.282,0.780,0.934
919,278,255,255,255,0.887,1.190,0.840,0.927
920,462,255,255,255,0.659,1.429,0.700,0.886
921,220,255,255,255,0.883,1.446,0.692,0.921
922,266,255,255,255,0.905,1.198,0.835,0.937
923,470,255,255,255,0.895,1.135,0.881,0.942
924,461,255,255,255,0.888,1.101,0.908,0.947
925,211,255,255,255,0.920,1.121,0.892,0.930
926,355,255,255,255,0.915,1.203,0.832,0.938
927,233,255,255,255,0.766,1.088,0.920,0.893
928,458,255,255,255,0.911,1.266,0.790,0.941
929,183,255,255,255,0.931,1.365,0.733,0.936
930,437,255,255,255,0.861,1.126,0.888,0.941
931,430,255,255,255,0.843,1.021,0.980,0.925
932,461,255,255,255,0.922,1.098,0.910,0.950
933,411,255,255,255,0.938,1.152,0.868,0.959
934,416,255,255,255,0.909,1.057,0.946,0.939
935,372,255,255,255,0.877,1.228,0.814,0.925
936,322,255,255,255,0.654,1.433,0.698,0.786
937,189,255,255,255,0.737,1.234,0.810,0.861
938,421,255,255,255,0.884,1.300,0.769,0.947
939,221,255,255,255,0.585,1.139,0.878,0.807
940,370,255,255,255,0.742,1.352,0.739,0.896
941,299,255,255,255,0.845,1.341,0.746,0.907
942,432,255,255,255,0.637,2.141,0.467,0.866
943,182,255,255,255,0.786,1.345,0.744,0.892
944,211,255,255,255,0.892,1.201,0.832,0.919
945,447,255,255,255,0.933,1.170,0.855,0.956
946,350,255,255,255,0.887,1.237,0.808,0.937
947,451,255,255,255,0.902,1.298,0.770,0.946
948,207,255,255,255,0.856,1.188,0.842,0.912
949,420,255,255,255,0.884,1.138,0.879,0.932
950,288,255,255,255,0.814,1.144,0.874,0.917
951,265,255,255,255,0.927,1.146,0.872,0.943
952,258,255,255,255,0.878,1.123,0.891,0.912
953,270,255,255,255,0.871,1.293,0.774,0.931
954,390,255,255,255,0.901,1.217,0.822,0.935
955,468,255,255,255,0.891,1.083,0.924,0.939
956,263,255,255,255,0.938,1.167,0.857,0.939
957,203,255,255,255,0.626,1.209,0.827,0.822
958,430,255,255,255,0.917,1.103,0.906,0.956
959,191,255,255,255,0.783,1.197,0.835,0.855
960,398,255,255,255,0.917,1.247,0.802,0.943
961,312,255,255,255,0.694,1.354,0.738,0.872
962,468,255,255,255,0.764,1.332,0.751,0.929
963,219,255,255,255,0.769,1.091,0.916,0.869
964,412,255,255,255,0.914,1.182,0.846,0.941
965,29,255,255,255,0.596,2.290,0.437,0.806
966,418,255,255,255,0.919,1.096,0.912,0.957
967,163,255,255,255,0.858,1.508,0.663,0.916
968,436,255,255,255,0.924,1.081,0.925,0.944
969,166,255,255,255,0.704,1.291,0.774,0.851
970,233,255,255,255,0.670,1.148,0.871,0.810
971,170,255,255,255,0.939,1.339,0.747,0.934
972,256,255,255,255,0.742,1.156,0.865,0.850
973,196,255,255,255,0.821,1.186,0.843,0.901
974,252,255,255,255,0.825,1.538,0.650,0.923
975,407,255,255,255,0.881,1.067,0.937,0.947
976,213,255,255,255,0.747,1.312,0.762,0.886
977,323,255,255,255,0.888,1.123,0.891,0.924
978,211,255,255,255,0.823,1.073,0.932,0.892
979,425,255,255,255,0.929,1.135,0.881,0.955
980,224,255,255,255,0.856,1.102,0.907,0.909
981,173,255,255,255,0.910,1.261,0.793,0.928
982,293,255,255,255,0.556,1.612,0.620,0.851
983,249,255,255,255,0.881,1.432,0.698,0.922
984,222,255,255,255,0.801,1.174,0.852,0.897
985,246,255,255,255,0.877,1.125,0.889,0.916
986,190,255,255,255,0.613,1.184,0.844,0.848
987,234,255,255,255,0.678,1.778,0.563,0.876
988,415,255,255,255,0.850,1.114,0.898,0.929
989,211,255,255,255,0.699,1.159,0.862,0.883
990,371,255,255,255,0.829,1.514,0.660,0.921
991,479,255,255,255,0.883,1.239,0.807,0.924
992,175,255,255,255,0.564,1.451,0.689,0.787
993,382,255,255,255,0.915,1.077,0.929,0.942
994,384,255,255,255,0.893,1.140,0.877,0.938
995,185,255,255,255,0.890,1.164,0.859,0.907
996,261,255,255,255,0.931,1.161,0.861,0.935
997,303,255,255,255,0.628,1.874,0.534,0.826
998,198,255,255,255,0.902,1.161,0.862,0.906
999,207,255,255,255,0.831,1.226,0.816,0.894
1000,233,255,255,255,0.890,1.091,0.916,0.923
1001,381,255,255,255,0.673,1.426,0.701,0.899
1002,254,255,255,255,0.917,1.127,0.887,0.922
1003,290,255,255,255,0.544,1.174,0.852,0.825
1004,200,255,255,255,0.617,1.052,0.951,0.835
1005,213,255,255,255,0.762,1.054,0.949,0.884
1006,483,255,255,255,0.714,1.371,0.729,0.906
1007,157,255,255,255,0.620,1.189,0.841,0.807
1008,420,255,255,255,0.938,1.215,0.823,0.955
1009,268,255,255,255,0.577,1.032,0.969,0.652
1010,410,255,255,255,0.664,2.021,0.495,0.841
1011,472,255,255,255,0.930,1.130,0.885,0.954
1012,197,255,255,255,0.836,1.128,0.887,0.904
1013,209,255,255,255,0.931,1.275,0.784,0.933
1014,246,255,255,255,0.758,1.266,0.790,0.874
1015,334,255,255,255,0.903,1.268,0.789,0.950
1016,202,255,255,255,0.861,1.300,0.769,0.916
1017,279,255,255,255,0.890,1.197,0.836,0.932
1018,407,255,255,255,0.844,1.308,0.764,0.922
1019,457,255,255,255,0.934,1.055,0.948,0.951
1020,193,255,255,255,0.606,1.240,0.806,0.775
1021,196,255,255,255,0.602,2.397,0.417,0.877
1022,187,255,255,255,0.844,1.441,0.694,0.897
1023,299,255,255,255,0.880,1.261,0.793,0.936
1024,451,255,255,255,0.853,1.164,0.859,0.924
1025,254,255,255,255,0.906,1.037,0.964,0.929
1026,208,255,255,255,0.898,1.203,0.831,0.935
1027,261,255,255,255,0.871,1.580,0.633,0.930
1028,266,255,255,255,0.938,1.225,0.817,0.952
1029,300,255,255,255,0.939,1.277,0.783,0.949
1030,203,255,255,255,0.904,1.027,0.974,0.921
1031,389,255,255,255,0.882,1.139,0.878,0.927
1032,218,255,255,255,0.857,1.177,0.849,0.910
1033,208,255,255,255,0.846,1.239,0.807,0.898
1034,220,255,255,255,0.636,1.291,0.775,0.672
1035,154,255,255,255,0.674,1.085,0.922,0.821
1036,207,255,255,255,0.831,1.406,0.711,0.906
1037,275,255,255,255,0.877,1.177,0.850,0.920
1038,124,255,255,255,0.816,1.325,0.755,0.864
1039,223,255,255,255,0.809,1.265,0.790,0.901
1040,301,255,255,255,0.918,1.176,0.850,0.932
1041,192,255,255,255,0.924,1.243,0.805,0.934
1042,319,255,255,255,0.771,1.155,0.866,0.906
1043,377,255,255,255,0.782,1.704,0.587,0.895
1044,233,255,255,255,0.802,1.299,0.770,0.901
1045,382,255,255,255,0.921,1.094,0.914,0.946
1046,446,255,255,255,0.892,1.251,0.800,0.942
1047,78,255,255,255,0.649,1.268,0.788,0.808
1048,218,255,255,255,0.921,1.135,0.881,0.926
1049,173,255,255,255,0.860,1.215,0.823,0.856
1050,374,255,255,255,0.911,1.244,0.804,0.943
1051,327,255,255,255,0.682,1.492,0.670,0.859
1052,212,255,255,255,0.869,1.294,0.773,0.920
1053,292,255,255,255,0.931,1.191,0.839,0.936
1054,381,255,255,255,0.614,2.434,0.411,0.831
1055,220,255,255,255,0.883,1.169,0.856,0.922
1056,91,255,255,255,0.528,1.306,0.766,0.534
1057,149,255,255,255,0.823,1.469,0.681,0.869
1058,214,255,255,255,0.859,1.181,0.846,0.920
1059,143,255,255,255,0.818,1.556,0.643,0.859
1060,282,255,255,255,0.924,1.191,0.840,0.937
1061,202,255,255,255,0.778,1.398,0.715,0.894
1062,95,255,255,255,0.538,1.483,0.674,0.560
1063,426,255,255,255,0.903,1.162,0.861,0.942
1064,130,255,255,255,0.628,1.603,0.624,0.663
1065,397,255,255,255,0.930,1.064,0.940,0.943
1066,248,255,255,255,0.645,1.419,0.705,0.805
1067,399,255,255,255,0.691,1.742,0.574,0.883
1068,421,255,255,255,0.855,1.254,0.798,0.924
1069,206,255,255,255,0.555,1.313,0.761,0.819
1070,264,255,255,255,0.888,1.230,0.813,0.935
1071,354,255,255,255,0.957,1.205,0.830,0.957
1072,203,255,255,255,0.866,1.330,0.752,0.923
1073,149,255,255,255,0.606,1.415,0.707,0.797
1074,179,255,255,255,0.562,1.292,0.774,0.799
1075,190,255,255,255,0.865,1.418,0.705,0.905
1076,302,255,255,255,0.905,1.200,0.834,0.936
1077,292,255,255,255,0.838,1.120,0.893,0.915
1078,419,255,255,255,0.901,1.229,0.813,0.942
1079,338,255,255,255,0.703,1.261,0.793,0.894
1080,183,255,255,255,0.687,1.236,0.809,0.824
1081,440,255,255,255,0.893,1.185,0.844,0.943
1082,339,255,255,255,0.910,1.249,0.801,0.934
1083,490,255,255,255,0.785,1.270,0.788,0.920
1084,199,255,255,255,0.823,1.407,0.711,0.892
1085,252,255,255,255,0.858,1.300,0.769,0.920
1086,275,255,255,255,0.764,1.025,0.976,0.879
1087,190,255,255,255,0.865,1.128,0.886,0.920
1088,351,255,255,255,0.869,1.243,0.804,0.936
1089,176,255,255,255,0.908,1.203,0.831,0.900
1090,192,255,255,255,0.713,1.817,0.550,0.899
1091,209,255,255,255,0.754,1.207,0.828,0.873
1092,166,255,255,255,0.592,1.444,0.693,0.876
1093,299,255,255,255,0.707,1.042,0.960,0.872
1094,386,255,255,255,0.925,1.082,0.924,0.943
1095,268,255,255,255,0.734,1.112,0.899,0.892
1096,222,255,255,255,0.831,1.316,0.760,0.899
1097,401,255,255,255,0.582,2.447,0.409,0.844
1098,170,255,255,255,0.544,1.603,0.624,0.833
1099,447,255,255,255,0.941,1.107,0.904,0.954
1100,458,255,255,255,0.768,1.448,0.691,0.904
1101,436,255,255,255,0.516,2.409,0.415,0.826
1102,197,255,255,255,0.737,1.217,0.822,0.887
1103,165,255,255,255,0.786,1.382,0.724,0.878
1104,426,255,255,255,0.903,1.325,0.755,0.944
1105,240,255,255,255,0.873,1.365,0.732,0.913
1106,365,255,255,255,0.696,1.204,0.831,0.883
1107,204,255,255,255,0.789,1.234,0.810,0.887
1108,217,255,255,255,0.799,1.428,0.700,0.900
1109,399,255,255,255,0.828,1.154,0.866,0.925
1110,210,255,255,255,0.589,1.219,0.820,0.847
1111,478,255,255,255,0.817,1.451,0.689,0.932
1112,228,255,255,255,0.924,1.199,0.834,0.936
1113,413,255,255,255,0.889,1.189,0.841,0.943
1114,216,255,255,255,0.849,1.088,0.919,0.883
1115,299,255,255,255,0.886,1.262,0.792,0.936
1116,206,255,255,255,0.909,1.333,0.750,0.918
1117,389,255,255,255,0.911,1.214,0.824,0.941
1118,467,255,255,255,0.934,1.181,0.847,0.955
1119,267,255,255,255,0.884,1.110,0.901,0.919
1120,456,255,255,255,0.769,1.231,0.812,0.815
1121,209,255,255,255,0.769,1.453,0.688,0.893
1122,192,255,255,255,0.679,1.422,0.703,0.875
1123,37,255,255,255,0.656,1.236,0.809,0.804
1124,469,255,255,255,0.938,1.042,0.960,0.951
1125,219,255,255,255,0.769,1.238,0.807,0.873
1126,329,255,255,255,0.796,1.427,0.701,0.916
1127,378,255,255,255,0.906,1.120,0.893,0.946
1128,150,255,255,255,0.623,1.505,0.664,0.829
1129,272,255,255,255,0.743,1.344,0.744,0.896
1130,186,255,255,255,0.772,1.252,0.799,0.879
1131,147,255,255,255,0.592,1.104,0.906,0.812
1132,484,255,255,255,0.596,2.022,0.494,0.840
1133,236,255,255,255,0.763,1.168,0.856,0.881
1134,453,255,255,255,0.618,2.091,0.478,0.848
1135,296,255,255,255,0.828,1.223,0.818,0.925
1136,284,255,255,255,0.844,1.128,0.886,0.925
1137,186,255,255,255,0.569,1.089,0.919,0.834
1138,278,255,255,255,0.903,1.178,0.849,0.931
1139,475,255,255,255,0.697,1.262,0.792,0.901
1140,266,255,255,255,0.848,1.053,0.950,0.924
1141,206,255,255,255,0.882,1.171,0.854,0.894
1142,495,255,255,255,0.897,1.321,0.757,0.952
1143,288,255,255,255,0.865,1.171,0.854,0.922
1144,258,255,255,255,0.606,1.128,0.887,0.849
1145,195,255,255,255,0.748,1.364,0.733,0.880
1146,186,255,255,255,0.725,1.795,0.557,0.859
1147,317,255,255,255,0.817,1.162,0.861,0.919
1148,204,255,255,255,0.702,1.234,0.811,0.864
1149,495,255,255,255,0.897,1.030,0.971,0.942
1150,181,255,255,255,0.521,1.980,0.505,0.813
1151,291,255,255,255,0.894,1.318,0.758,0.934
1152,210,255,255,255,0.660,1.162,0.860,0.835
1153,267,255,255,255,0.641,1.321,0.757,0.844
1154,281,255,255,255,0.910,1.228,0.814,0.946
1155,210,255,255,255,0.764,1.175,0.851,0.901
1156,443,255,255,255,0.913,1.189,0.841,0.944
1157,168,255,255,255,0.663,1.343,0.745,0.824
1158,468,255,255,255,0.931,1.136,0.880,0.948
1159,436,255,255,255,0.872,1.223,0.818,0.934
1160,216,255,255,255,0.835,1.369,0.730,0.906
1161,286,255,255,255,0.800,1.239,0.807,0.901
1162,221,255,255,255,0.862,1.321,0.757,0.908
1163,394,255,255,255,0.763,1.352,0.740,0.890
1164,471,255,255,255,0.902,1.143,0.875,0.947
1165,252,255,255,255,0.557,1.339,0.747,0.834
1166,220,255,255,255,0.601,1.427,0.701,0.747
1167,226,255,255,255,0.800,1.367,0.732,0.904
1168,160,255,255,255,0.577,1.230,0.813,0.847
1169,184,255,255,255,0.788,1.398,0.715,0.874
1170,156,255,255,255,0.616,1.431,0.699,0.780
1171,253,255,255,255,0.801,1.258,0.795,0.889
1172,468,255,255,255,0.917,1.163,0.860,0.948
1173,216,255,255,255,0.622,1.899,0.526,0.824
1174,234,255,255,255,0.905,1.149,0.870,0.925
1175,339,255,255,255,0.684,1.950,0.513,0.899
1176,168,255,255,255,0.532,1.479,0.676,0.798
1177,491,255,255,255,0.940,1.089,0.918,0.958
1178,279,255,255,255,0.516,1.223,0.818,0.816
1179,457,255,255,255,0.515,2.353,0.425,0.783
1180,407,255,255,255,0.775,1.507,0.664,0.911
1181,205,255,255,255,0.719,1.923,0.520,0.858
1182,76,255,255,255,0.624,1.279,0.782,0.784
1183,224,255,255,255,0.822,1.466,0.682,0.912
1184,197,255,255,255,0.775,1.467,0.682,0.879
1185,198,255,255,255,0.701,1.658,0.603,0.843
1186,211,255,255,255,0.761,1.503,0.665,0.902
1187,241,255,255,255,0.921,1.150,0.870,0.932
1188,310,255,255,255,0.714,1.089,0.919,0.752
1189,374,255,255,255,0.862,1.339,0.747,0.932
1190,237,255,255,255,0.952,1.203,0.831,0.942
1191,196,255,255,255,0.510,1.415,0.706,0.797
1192,54,255,255,255,0.697,1.605,0.623,0.800
1193,488,255,255,255,0.929,1.137,0.880,0.951
1194,326,255,255,255,0.848,1.243,0.804,0.925
1195,290,255,255,255,0.932,1.089,0.918,0.946
1196,306,255,255,255,0.856,1.026,0.975,0.912
1197,165,255,255,255,0.620,1.186,0.843,0.846
1198,237,255,255,255,0.924,1.101,0.909,0.931
1199,217,255,255,255,0.846,1.137,0.880,0.914
1200,465,255,255,255,0.555,2.535,0.394,0.839
1201,166,255,255,255,0.606,1.382,0.724,0.810
1202,175,255,255,255,0.823,1.344,0.744,0.850
1203,167,255,255,255,0.778,1.191,0.840,0.835
1204,332,255,255,255,0.803,1.263,0.792,0.908
1205,219,255,255,255,0.754,1.129,0.886,0.873
1206,261,255,255,255,0.568,1.362,0.734,0.859
1207,292,255,255,255,0.832,1.248,0.801,0.903
1208,222,255,255,255,0.855,1.201,0.832,0.914
1209,257,255,255,255,0.758,1.229,0.813,0.888
1210,402,255,255,255,0.892,1.217,0.822,0.933
1211,169,255,255,255,0.777,1.485,0.673,0.816
1212,490,255,255,255,0.919,1.061,0.942,0.949
1213,435,255,255,255,0.902,1.220,0.820,0.944
1214,499,255,255,255,0.936,1.134,0.882,0.956
1215,222,255,255,255,0.795,1.460,0.685,0.899
1216,214,255,255,255,0.690,1.570,0.637,0.882
1217,169,255,255,255,0.640,1.153,0.867,0.816
1218,217,255,255,255,0.790,1.071,0.934,0.906
1219,243,255,255,255,0.784,1.018,0.983,0.897
1220,278,255,255,255,0.946,1.075,0.930,0.944
1221,436,255,255,255,0.616,1.900,0.526,0.828
1222,385,255,255,255,0.902,1.228,0.814,0.936
1223,279,255,255,255,0.867,1.234,0.811,0.918
1224,219,255,255,255,0.827,1.324,0.755,0.901
1225,488,255,255,255,0.553,2.263,0.442,0.821
1226,206,255,255,255,0.695,1.614,0.620,0.875
1227,269,255,255,255,0.814,1.200,0.833,0.894
1228,288,255,255,255,0.919,1.111,0.900,0.935
1229,215,255,255,255,0.889,1.302,0.768,0.931
1230,477,255,255,255,0.935,1.081,0.925,0.951
1231,258,255,255,255,0.885,1.356,0.737,0.935
1232,216,255,255,255,0.684,1.042,0.960,0.873
1233,278,255,255,255,0.928,1.216,0.822,0.947
1234,235,255,255,255,0.880,1.221,0.819,0.922
1235,499,255,255,255,0.944,1.044,0.958,0.953
1236,380,255,255,255,0.876,1.161,0.861,0.926
1237,463,255,255,255,0.527,2.367,0.422,0.804
1238,251,255,255,255,0.854,1.122,0.891,0.913
1239,179,255,255,255,0.646,1.498,0.667,0.838
1240,309,255,255,255,0.858,1.142,0.876,0.914
1241,219,255,255,255,0.830,1.460,0.685,0.905
1242,449,255,255,255,0.663,1.747,0.573,0.851
1243,248,255,255,255,0.779,1.461,0.684,0.892
1244,301,255,255,255,0.902,1.145,0.873,0.929
1245,276,255,255,255,0.947,1.094,0.914,0.947
1246,258,255,255,255,0.910,1.142,0.876,0.942
1247,272,255,255,255,0.884,1.264,0.791,0.938
1248,234,255,255,255,0.828,1.516,0.659,0.916
1249,257,255,255,255,0.702,1.249,0.800,0.852
1250,232,255,255,255,0.837,1.217,0.822,0.906
1251,408,255,255,255,0.920,1.147,0.872,0.943
1252,213,255,255,255,0.700,1.299,0.770,0.880
1253,259,255,255,255,0.784,1.343,0.745,0.890
1254,394,255,255,255,0.900,1.257,0.795,0.940
1255,245,255,255,255,0.734,1.174,0.852,0.906
1256,251,255,255,255,0.906,1.087,0.920,0.916
1257,161,255,255,255,0.704,1.371,0.729,0.832
1258,256,255,255,255,0.798,1.349,0.741,0.881
1259,276,255,255,255,0.725,1.254,0.798,0.865
1260,372,255,255,255,0.891,1.268,0.788,0.936
1261,251,255,255,255,0.746,1.787,0.559,0.884
1262,363,255,255,255,0.905,1.168,0.857,0.945
1263,261,255,255,255,0.703,1.226,0.816,0.870
1264,108,255,255,255,0.643,1.666,0.600,0.675
1265,400,255,255,255,0.868,1.328,0.753,0.935
1266,367,255,255,255,0.923,1.167,0.857,0.935
1267,448,255,255,255,0.896,1.310,0.763,0.945
1268,451,255,255,255,0.884,1.172,0.853,0.940
1269,233,255,255,255,0.883,1.485,0.673,0.916
1270,235,255,255,255,0.764,1.064,0.940,0.887
1271,262,255,255,255,0.858,1.273,0.785,0.932
1272,290,255,255,255,0.942,1.148,0.871,0.942
1273,269,255,255,255,0.632,1.122,0.891,0.845
1274,407,255,255,255,0.884,1.239,0.807,0.939
1275,262,255,255,255,0.600,1.075,0.930,0.872
1276,257,255,255,255,0.868,1.102,0.907,0.899
1277,485,255,255,255,0.603,2.032,0.492,0.805
1278,243,255,255,255,0.884,1.076,0.929,0.912
1279,442,255,255,255,0.931,1.062,0.942,0.951
1280,412,255,255,255,0.950,1.209,0.827,0.954
1281,251,255,255,255,0.794,1.135,0.881,0.908
1282,445,255,255,255,0.896,1.220,0.820,0.945
1283,265,255,255,255,0.823,1.315,0.761,0.927
1284,251,255,255,255,0.692,1.242,0.805,0.893
1285,262,255,255,255,0.787,1.024,0.976,0.896
1286,273,255,255,255,0.861,1.393,0.718,0.937
1287,400,255,255,255,0.830,1.744,0.573,0.937
1288,250,255,255,255,0.806,1.198,0.835,0.888
1289,253,255,255,255,0.936,1.067,0.938,0.949
1290,212,255,255,255,0.589,1.372,0.729,0.806
1291,251,255,255,255,0.831,1.163,0.860,0.905
1292,282,255,255,255,0.869,1.025,0.975,0.914
1293,394,255,255,255,0.923,1.038,0.964,0.940
1294,471,255,255,255,0.929,1.121,0.892,0.951
1295,455,255,255,255,0.924,1.087,0.920,0.949
1296,451,255,255,255,0.889,1.105,0.905,0.946
1297,336,255,255,255,0.893,1.245,0.804,0.935
1298,258,255,255,255,0.729,1.920,0.521,0.890
1299,493,255,255,255,0.516,2.039,0.491,0.814
1300,315,255,255,255,0.897,1.078,0.928,0.928
1301,439,255,255,255,0.930,1.138,0.879,0.951
1302,125,255,255,255,0.575,1.557,0.642,0.633
1303,99,255,255,255,0.516,1.503,0.665,0.544
1304,393,255,255,255,0.739,1.460,0.685,0.904
1305,242,255,255,255,0.679,1.260,0.794,0.871
1306,474,255,255,255,0.934,1.147,0.872,0.954
1307,440,255,255,255,0.918,1.189,0.841,0.948
1308,328,255,255,255,0.708,1.121,0.892,0.778
1309,286,255,255,255,0.912,1.190,0.841,0.930
1310,331,255,255,255,0.833,1.334,0.750,0.927
1311,236,255,255,255,0.755,1.240,0.806,0.901
1312,280,255,255,255,0.886,1.275,0.784,0.918
1313,470,255,255,255,0.921,1.245,0.803,0.948
1314,346,255,255,255,0.877,1.356,0.737,0.935
1315,491,255,255,255,0.916,1.194,0.838,0.956
1316,258,255,255,255,0.838,1.336,0.749,0.908
1317,206,255,255,255,0.659,1.282,0.780,0.836
1318,235,255,255,255,0.515,1.126,0.888,0.778
1319,250,255,255,255,0.867,1.146,0.873,0.917
1320,345,255,255,255,0.874,1.223,0.817,0.922
1321,248,255,255,255,0.806,1.219,0.820,0.919
1322,222,255,255,255,0.938,1.151,0.869,0.935
1323,296,255,255,255,0.871,1.046,0.956,0.931
1324,274,255,255,255,0.830,1.168,0.856,0.903
1325,279,255,255,255,0.851,1.247,0.802,0.915
1326,256,255,255,255,0.825,1.121,0.892,0.918
1327,443,255,255,255,0.863,1.208,0.828,0.929
1328,296,255,255,255,0.913,1.092,0.916,0.926
1329,234,255,255,255,0.920,1.190,0.841,0.932
1330,252,255,255,255,0.841,1.122,0.892,0.911
1331,424,255,255,255,0.760,1.331,0.751,0.903
1332,241,255,255,255,0.928,1.051,0.952,0.936
1333,306,255,255,255,0.783,1.299,0.770,0.911
1334,322,255,255,255,0.850,1.206,0.830,0.919
1335,236,255,255,255,0.755,1.099,0.910,0.871
1336,290,255,255,255,0.806,1.115,0.897,0.903
1337,249,255,255,255,0.864,1.102,0.907,0.921
1338,436,255,255,255,0.735,1.907,0.524,0.875
1339,226,255,255,255,0.598,1.206,0.829,0.822
1340,239,255,255,255,0.921,1.270,0.787,0.935
1341,280,255,255,255,0.503,1.105,0.905,0.773
1342,229,255,255,255,0.701,1.148,0.871,0.877
1343,249,255,255,255,0.774,1.151,0.869,0.905
1344,244,255,255,255,0.766,1.270,0.788,0.882
1345,338,255,255,255,0.892,1.332,0.751,0.940
1346,473,255,255,255,0.919,1.152,0.868,0.949
1347,268,255,255,255,0.697,1.331,0.752,0.898
1348,294,255,255,255,0.783,1.299,0.770,0.878
1349,329,255,255,255,0.788,1.251,0.799,0.922
1350,486,255,255,255,0.906,1.144,0.874,0.945
1351,248,255,255,255,0.860,1.195,0.837,0.919
1352,365,255,255,255,0.938,1.117,0.895,0.954
1353,327,255,255,255,0.893,1.197,0.836,0.924
1354,265,255,255,255,0.902,1.207,0.829,0.930
1355,288,255,255,255,0.856,1.139,0.878,0.922
1356,142,255,255,255,0.595,1.343,0.745,0.835
1357,341,255,255,255,0.569,1.404,0.712,0.837
1358,232,255,255,255,0.635,1.227,0.815,0.853
1359,472,255,255,255,0.760,1.316,0.760,0.925
1360,293,255,255,255,0.841,1.321,0.757,0.917
1361,240,255,255,255,0.804,1.302,0.768,0.882
1362,471,255,255,255,0.929,1.129,0.886,0.952
1363,448,255,255,255,0.910,1.233,0.811,0.945
1364,303,255,255,255,0.908,1.230,0.813,0.938
1365,443,255,255,255,0.907,1.227,0.815,0.941
1366,292,255,255,255,0.853,1.333,0.750,0.918
1367,357,255,255,255,0.884,1.164,0.859,0.937
1368,266,255,255,255,0.905,1.072,0.933,0.927
1369,249,255,255,255,0.864,1.174,0.852,0.909
1370,483,255,255,255,0.906,1.129,0.885,0.955
1371,283,255,255,255,0.754,1.323,0.756,0.903
1372,164,255,255,255,0.554,1.061,0.943,0.727
1373,277,255,255,255,0.638,1.707,0.586,0.726
1374,255,255,255,255,0.526,1.223,0.818,0.801
1375,276,255,255,255,0.848,1.453,0.688,0.920
1376,254,255,255,255,0.857,1.217,0.822,0.907
1377,435,255,255,255,0.950,1.044,0.958,0.956
1378,251,255,255,255,0.816,1.147,0.872,0.890
1379,366,255,255,255,0.912,1.220,0.820,0.948
1380,295,255,255,255,0.924,1.160,0.862,0.939
1381,395,255,255,255,0.857,1.174,0.852,0.925
1382,490,255,255,255,0.927,1.157,0.864,0.950
1383,417,255,255,255,0.845,1.243,0.805,0.942
1384,283,255,255,255,0.913,1.072,0.933,0.928
1385,96,255,255,255,0.557,1.752,0.571,0.774
1386,258,255,255,255,0.832,1.369,0.730,0.910
1387,443,255,255,255,0.719,1.650,0.606,0.908
1388,376,255,255,255,0.892,1.209,0.827,0.942
1389,268,255,255,255,0.820,1.241,0.806,0.898
1390,492,255,255,255,0.905,1.218,0.821,0.944
1391,289,255,255,255,0.905,1.166,0.858,0.941
1392,281,255,255,255,0.896,1.049,0.954,0.929
1393,426,255,255,255,0.911,1.159,0.863,0.941
1394,361,255,255,255,0.885,1.384,0.723,0.940
1395,271,255,255,255,0.791,1.720,0.581,0.906
1396,253,255,255,255,0.752,1.127,0.887,0.878
1397,436,255,255,255,0.558,1.452,0.689,0.636
1398,373,255,255,255,0.810,1.073,0.932,0.900
1399,328,255,255,255,0.648,1.219,0.820,0.863
1400,288,255,255,255,0.747,1.402,0.713,0.910
1401,406,255,255,255,0.873,1.052,0.951,0.922
1402,291,255,255,255,0.841,1.330,0.752,0.921
1403,377,255,255,255,0.909,1.114,0.897,0.945
1404,433,255,255,255,0.819,1.439,0.695,0.923
1405,309,255,255,255,0.858,1.129,0.885,0.910
1406,255,255,255,255,0.642,1.178,0.849,0.842
1407,291,255,255,255,0.745,1.060,0.943,0.893
1408,387,255,255,255,0.942,1.065,0.939,0.947
1409,284,255,255,255,0.923,1.145,0.873,0.939
1410,416,255,255,255,0.822,1.270,0.788,0.927
1411,223,255,255,255,0.571,1.367,0.731,0.831
1412,475,255,255,255,0.917,1.189,0.841,0.947
1413,408,255,255,255,0.846,1.250,0.800,0.927
1414,275,255,255,255,0.861,1.106,0.905,0.923
1415,286,255,255,255,0.882,1.110,0.901,0.921
1416,480,255,255,255,0.919,1.126,0.888,0.953
1417,307,255,255,255,0.760,1.155,0.866,0.887
1418,489,255,255,255,0.769,1.456,0.687,0.905
1419,311,255,255,255,0.835,1.207,0.829,0.920
1420,389,255,255,255,0.902,1.219,0.820,0.942
1421,306,255,255,255,0.802,1.317,0.759,0.901
1422,448,255,255,255,0.812,1.304,0.767,0.901
1423,311,255,255,255,0.809,1.201,0.833,0.900
1424,241,255,255,255,0.612,1.181,0.847,0.835
1425,488,255,255,255,0.584,2.044,0.489,0.851
1426,268,255,255,255,0.848,1.170,0.854,0.918
1427,253,255,255,255,0.795,1.023,0.978,0.885
1428,183,255,255,255,0.523,1.267,0.789,0.792
1429,445,255,255,255,0.830,1.386,0.721,0.918
1430,280,255,255,255,0.772,1.480,0.676,0.878
1431,311,255,255,255,0.790,1.043,0.959,0.895
1432,248,255,255,255,0.821,1.407,0.711,0.910
1433,316,255,255,255,0.884,1.245,0.803,0.931
1434,360,255,255,255,0.649,1.205,0.830,0.885
1435,343,255,255,255,0.569,1.103,0.907,0.871
1436,310,255,255,255,0.812,1.182,0.846,0.914
1437,245,255,255,255,0.509,1.243,0.805,0.813
1438,328,255,255,255,0.825,1.358,0.736,0.911
1439,275,255,255,255,0.894,1.075,0.930,0.935
1440,313,255,255,255,0.840,1.056,0.947,0.936
1441,364,255,255,255,0.866,1.107,0.903,0.917
1442,494,255,255,255,0.861,1.249,0.801,0.924
1443,231,255,255,255,0.947,1.134,0.882,0.939
1444,175,255,255,255,0.804,1.247,0.802,0.824
1445,268,255,255,255,0.912,1.163,0.860,0.924
1446,263,255,255,255,0.632,1.141,0.876,0.828
1447,248,255,255,255,0.732,1.051,0.951,0.866
1448,324,255,255,255,0.789,1.131,0.884,0.895
1449,286,255,255,255,0.835,1.335,0.749,0.912
1450,490,255,255,255,0.888,1.219,0.821,0.942
1451,481,255,255,255,0.890,1.242,0.805,0.945
1452,279,255,255,255,0.756,1.126,0.888,0.889
1453,366,255,255,255,0.857,1.142,0.875,0.932
1454,297,255,255,255,0.858,1.192,0.839,0.920
1455,241,255,255,255,0.686,1.357,0.737,0.856
1456,400,255,255,255,0.837,1.203,0.831,0.929
1457,224,255,255,255,0.927,1.130,0.885,0.935
1458,499,255,255,255,0.925,1.132,0.883,0.947
1459,307,255,255,255,0.785,1.301,0.768,0.899
1460,242,255,255,255,0.870,1.579,0.633,0.940
1461,216,255,255,255,0.867,1.568,0.638,0.927
1462,202,255,255,255,0.880,1.177,0.849,0.884
1463,303,255,255,255,0.819,1.089,0.918,0.906
1464,252,255,255,255,0.757,1.180,0.847,0.898
1465,286,255,255,255,0.732,1.116,0.896,0.888
1466,258,255,255,255,0.781,1.291,0.775,0.878
1467,479,255,255,255,0.917,1.241,0.806,0.954
1468,305,255,255,255,0.884,1.040,0.962,0.936
1469,247,255,255,255,0.891,1.063,0.941,0.911
1470,260,255,255,255,0.799,1.735,0.576,0.929
1471,322,255,255,255,0.888,1.125,0.889,0.920
1472,408,255,255,255,0.872,1.185,0.844,0.927
1473,495,255,255,255,0.851,1.260,0.794,0.935
1474,308,255,255,255,0.884,1.221,0.819,0.924
1475,285,255,255,255,0.505,1.232,0.812,0.851
1476,384,255,255,255,0.823,1.272,0.786,0.916
1477,223,255,255,255,0.984,1.105,0.905,0.949
1478,340,255,255,255,0.853,1.287,0.777,0.930
1479,358,255,255,255,0.731,1.393,0.718,0.780
1480,331,255,255,255,0.895,1.228,0.814,0.925
1481,283,255,255,255,0.848,1.243,0.804,0.919
1482,250,255,255,255,0.874,1.285,0.778,0.919
1483,263,255,255,255,0.796,1.682,0.595,0.907
1484,254,255,255,255,0.924,1.163,0.860,0.929
